<?xml version="1.0" encoding="utf-8"?>
<merger version="3"><dataSet config="main" ignore_pattern="!.svn:!.git:!.ds_store:!*.scc:.*:&lt;dir>_*:!CVS:!thumbs.db:!picasa.ini:!*~"><source path="C:\Users\USER\AppData\Local\Pub\Cache\hosted\pub.dev\flutter_tts-3.8.5\android\src\main\assets"/></dataSet><dataSet config="debug" ignore_pattern="!.svn:!.git:!.ds_store:!*.scc:.*:&lt;dir>_*:!CVS:!thumbs.db:!picasa.ini:!*~"><source path="C:\Users\USER\AppData\Local\Pub\Cache\hosted\pub.dev\flutter_tts-3.8.5\android\src\debug\assets"/></dataSet><dataSet config="generated" ignore_pattern="!.svn:!.git:!.ds_store:!*.scc:.*:&lt;dir>_*:!CVS:!thumbs.db:!picasa.ini:!*~"><source path="D:\pro\useless\code-and-conquer\build\flutter_tts\intermediates\shader_assets\debug\compileDebugShaders\out"/></dataSet></merger>